date,symbol,name,Close,market_regime,fundamental_rank_score,fundamental_rank,fundamental_score,final_score,technical_score,stable_ensemble_score,rs20_rank_pct,rs60_rank_pct,ret5,ret20,ret60,rsi14,volume_ratio,ma20_deviation
2026-07-06,2059.TW,川湖,7785.0,bull,-1.0,1.0,100.0,91.41434415677784,88.55245887570378,0.195813477288535,0.0361111111111111,0.0268767377201112,0.0949367088607595,0.3852313167259786,1.3770992366412216,63.24237560192617,0.7333915448721801,0.0935908691834943
2026-07-06,2408.TW,南亞科,420.5,bull,-2.0,2.0,100.0,80.01768853705254,73.35691804940338,0.2405144511764259,0.1138888888888888,0.0481927710843373,-0.0717439293598234,0.1680555555555556,1.051219512195122,54.22297297297297,0.5738462654294488,0.0061012082785021
2026-07-06,2330.TW,台積電,2460.0,bull,-5.0,5.0,99.15374073493592,74.69930273403685,66.54782340040381,0.3152927435997988,0.3361111111111111,0.2761816496756256,0.0379746835443037,0.0429441693194421,0.2616690166068494,57.39130434782609,0.6027093211178663,0.0305443177365187
2026-07-06,2344.TW,華邦電,183.0,bull,-11.0,11.0,96.98400611250784,76.19300106473494,69.26266604881063,0.2620454654226844,0.1472222222222222,0.0528266913809082,-0.0985221674876847,0.1296296296296295,1.010989010989011,47.32142857142857,0.7130329649233172,-0.0387393302692055
2026-07-06,9946.TW,三發地產,20.0,bull,-22.0,22.0,93.8841677043543,78.42522425099494,73.27224309987515,0.6360531014944589,0.1148148148148148,0.3512511584800741,0.0389610389610388,0.1661807839570066,0.1764705882352941,58.33334090217574,0.5513176734180294,0.0415310527135142
2026-07-06,1590.TW,亞德客-KY,1385.0,bull,-23.0,23.0,92.8369943680382,69.45070771427115,61.65527882968214,0.4469514358141896,0.3166666666666666,0.2548656163113994,0.0221402214022139,0.0492424242424243,0.2883720930232558,60.273972602739725,1.1083750352147872,0.0291658926249303
2026-07-06,6781.TW,AES-KY,1250.0,bull,-32.0,32.0,90.12488103756452,81.56906728381304,78.71712936589587,0.4966215604255748,0.1888888888888888,0.267840593141798,0.1061946902654866,0.1013215859030836,0.2768130745658836,61.11111111111111,2.1990543794887283,0.0743446497636441
2026-07-06,6197.TW,佳必琪,372.5,bull,-33.0,33.0,89.98012274352672,83.49063944250423,81.32747834216342,0.2819437411295443,0.1101851851851851,0.0389249304911955,0.1032252723157167,0.16941879711033,1.123246280690414,67.52335540279293,0.556957744226845,0.0942519579572254
2026-07-06,2395.TW,研華,515.0,bull,-49.0,49.0,87.43653384699755,69.99206086153342,64.17723653304537,0.4212154569954451,0.3601851851851851,0.1464318813716404,0.08994708994709,0.0383064516129032,0.4798850574712643,59.803921568627445,0.5891159322238481,0.059670781893004
2026-07-06,2458.TW,義隆,179.0,bull,-50.0,50.0,86.91654017956604,80.16549535905908,77.91514708555677,0.6881262967760335,0.15,0.206672845227062,-0.0055555555555555,0.1293375394321767,0.3458646616541354,63.86138613861385,0.8727561526308859,0.0691354337763177
2026-07-06,3014.TW,聯陽,158.0,bull,-51.0,51.0,86.91029224348934,72.21548078060009,67.31721029297034,0.818098234709268,0.3555555555555555,0.2159406858202039,0.0031746031746031,0.0394736842105263,0.3333333333333332,57.89473684210526,0.531920289111912,0.0219922380336352
2026-07-06,2383.TW,台光電,5475.0,bull,-55.0,55.0,86.0587773245522,80.84093217507147,79.10165045857791,0.589773006763681,0.1601851851851851,0.0871177015755329,0.0045871559633028,0.1207778915046058,0.7003105590062111,57.235772357723576,1.781008318343612,0.0213123163736417
2026-07-06,3443.TW,創意,4605.0,bull,-63.0,63.0,83.63888359987813,69.15938061359321,64.33287961816491,0.7485205822001431,0.3175925925925926,0.0806302131603336,0.0418552036199095,0.0489749430523918,0.7423651300842515,46.32867132867133,1.1051695269941235,-0.0166559897501601
2026-07-06,1773.TW,勝一,185.0,bull,-65.0,65.0,83.41957208743332,69.24716664211272,64.52303149367252,0.4839715005950794,0.2296296296296296,0.29935125115848,0.1011904761904762,0.0815150430655675,0.2289943970191501,63.2183908045977,2.1581333999664105,0.0721403039962247
2026-07-06,2248.TW,華勝-KY,58.900001525878906,bull,-69.0,69.0,82.72406063393525,66.18476335617903,60.67166426359362,0.920850101621226,0.4148148148148148,0.3280815569972196,0.0709091186523438,0.0243478526239808,0.1995927363811032,68.25398363192916,2.5440074271497792,0.0525375533546781
2026-07-06,2527.TW,宏璟,42.59999847412109,bull,-75.0,75.0,82.24426248497689,76.64312513047558,74.77607934564182,0.8787651788419577,0.1083333333333333,0.1964782205746061,0.0798478491828278,0.1719394845215636,0.3741934991651963,70.41420893010473,0.9028696412579804,0.0952564183200836
2026-07-06,4763.TW,材料*-KY,50.0,bull,-83.0,83.0,80.5798896395777,77.36935933405513,76.29918256554761,0.2905508175232109,0.1305555555555555,0.340129749768304,0.0449321127364654,0.1481056458308862,0.1862395774600724,66.25000625848921,1.250671976516883,0.0895620015118969
2026-07-06,3044.TW,健鼎,506.0,bull,-86.0,86.0,79.90151858407886,61.94386898800303,55.957985789311095,0.6802262740118827,0.4555555555555555,0.2150139017608897,0.013013013013013,0.0160642570281124,0.3386243386243386,46.44670050761421,0.658877604430837,-0.0237785173395072
2026-07-06,2345.TW,智邦,2645.0,bull,-93.0,93.0,78.68494419785428,77.90783276711801,77.64879562353924,0.7295646236391302,0.2842592592592592,0.118628359592215,0.1303418803418803,0.0622489959839358,0.5650887573964498,59.64125560538117,0.6817721112124921,0.0678239806217197
2026-07-06,8081.TW,致新,324.0,bull,-105.0,105.0,76.58455198143469,81.54455895342572,83.19789461075607,0.7360030267719024,0.0833333333333333,0.1417979610750695,0.1004599989365264,0.2181562190457844,0.4856209639169744,67.73060097636554,1.9934452999686587,0.1241012636024048
2026-07-06,2449.TW,京元電子,351.0,bull,-108.0,108.0,76.50720520459335,78.84572572567349,79.62523256603355,0.3460010236034617,0.1435185185185185,0.2696941612604263,0.1377633711507293,0.1340872374798061,0.2763636363636363,68.81720430107526,1.5230709651820065,0.1307079004590481
2026-07-06,6139.TW,亞翔,932.0,bull,-113.0,113.0,75.64712525562624,79.93067600520502,81.35852625506462,0.9006982564381019,0.1259259259259259,0.1278962001853568,-0.0240837696335078,0.1534653465346533,0.5404958677685952,56.07235142118863,0.667739713490934,0.1057064895005339
2026-07-06,3034.TW,聯詠,538.0,bull,-116.0,116.0,75.54535048945058,76.22101471798763,76.44623612749997,0.8966087160691837,0.2064814814814815,0.2057460611677479,0.02868068833652,0.0934959349593496,0.346683354192741,60.69651741293532,0.5811270239740204,0.0374584197078531
2026-07-06,4766.TW,南寶,368.5,bull,-121.0,121.0,74.91460354923571,68.63149999224693,66.53713213991733,0.6483302601392582,0.2972222222222222,0.3707136237256719,0.0870206489675515,0.0565820071597273,0.1646234410814258,64.95692956395129,0.7180965788425241,0.0494187336493934
2026-07-06,2327.TW,國巨*,1005.0,bull,-124.0,124.0,74.6112580577189,77.2491021154557,78.12838346803464,0.3742540463559786,0.049074074074074,0.0046339202965708,-0.0336538461538461,0.316269339145006,2.5957765034757965,54.81481481481482,0.7176713513250964,0.0190665801745228
2026-07-06,2379.TW,瑞昱,769.0,bull,-127.0,127.0,74.41354387638152,79.20891091120583,80.80736658948061,0.8700699713237245,0.0962962962962963,0.1362372567191844,-0.0178799489144316,0.1959564541213063,0.501953125,61.30653266331658,0.5245427476454068,0.0293133449337437
2026-07-06,6526.TW,達發,686.0,bull,-128.0,128.0,74.05844799557384,67.75328860076314,65.65156880249292,0.7327901414261627,0.4092592592592592,0.164967562557924,0.0786163522012579,0.0254110612855007,0.4351464435146444,56.2753036437247,0.7907340289462992,0.0276383791476295
2026-07-06,2441.TW,超豐,145.0,bull,-132.0,132.0,73.76313956490999,77.22288169278774,78.37612906874699,0.3994851434926384,0.1842592592592592,0.1260426320667284,0.1240310077519379,0.102661596958175,0.5425531914893618,66.07142857142857,3.2456334785019427,0.0922787193973635
2026-07-06,6691.TW,洋基工程,748.0,bull,-138.0,138.0,72.9382876924978,68.6704996818696,67.24790367832686,0.9705960527073064,0.1157407407407407,0.283595922150139,-0.0591194968553459,0.1651090342679126,0.2466666666666666,48.30188679245283,0.9739601074693972,0.0337202874516306
2026-07-06,2480.TW,敦陽科,162.0,bull,-141.0,141.0,72.57043193555015,68.08855742373387,66.59459925312844,0.7973307736706423,0.3009259259259259,0.3188137164040778,0.08,0.0557130372033114,0.2135064479051509,69.164271212467,1.2979677492224049,0.0621728138694173
